E_nu [GeV],E_nu_centers [GeV],muon_neu cosz-1.0_-0.95 phi0_360 smoothed weighted 1 / (cm2 GeV s sr),muon_neu cosz-0.95_-0.9 phi0_360 smoothed weighted 1 / (cm2 GeV s sr),muon_neu cosz-0.9_-0.85 phi0_360 smoothed weighted 1 / (cm2 GeV s sr),muon_neu cosz-0.85_-0.8 phi0_360 smoothed weighted 1 / (cm2 GeV s sr),muon_neu cosz-0.8_-0.75 phi0_360 smoothed weighted 1 / (cm2 GeV s sr),muon_neu cosz-0.75_-0.7 phi0_360 smoothed weighted 1 / (cm2 GeV s sr),muon_neu cosz-0.7_-0.65 phi0_360 smoothed weighted 1 / (cm2 GeV s sr),muon_neu cosz-0.65_-0.6 phi0_360 smoothed weighted 1 / (cm2 GeV s sr),muon_neu cosz-0.6_-0.55 phi0_360 smoothed weighted 1 / (cm2 GeV s sr),muon_neu cosz-0.55_-0.5 phi0_360 smoothed weighted 1 / (cm2 GeV s sr),muon_neu cosz-0.5_-0.45 phi0_360 smoothed weighted 1 / (cm2 GeV s sr),muon_neu cosz-0.45_-0.4 phi0_360 smoothed weighted 1 / (cm2 GeV s sr),muon_neu cosz-0.4_-0.35 phi0_360 smoothed weighted 1 / (cm2 GeV s sr),muon_neu cosz-0.35_-0.3 phi0_360 smoothed weighted 1 / (cm2 GeV s sr),muon_neu cosz-0.3_-0.25 phi0_360 smoothed weighted 1 / (cm2 GeV s sr),muon_neu cosz-0.25_-0.2 phi0_360 smoothed weighted 1 / (cm2 GeV s sr),muon_neu cosz-0.2_-0.15 phi0_360 smoothed weighted 1 / (cm2 GeV s sr),muon_neu cosz-0.15_-0.1 phi0_360 smoothed weighted 1 / (cm2 GeV s sr),muon_neu cosz-0.1_-0.05 phi0_360 smoothed weighted 1 / (cm2 GeV s sr),muon_neu cosz-0.05_-0.0 phi0_360 smoothed weighted 1 / (cm2 GeV s sr),anti_muon_neu cosz-1.0_-0.95 phi0_360 smoothed weighted 1 / (cm2 GeV s sr),anti_muon_neu cosz-0.95_-0.9 phi0_360 smoothed weighted 1 / (cm2 GeV s sr),anti_muon_neu cosz-0.9_-0.85 phi0_360 smoothed weighted 1 / (cm2 GeV s sr),anti_muon_neu cosz-0.85_-0.8 phi0_360 smoothed weighted 1 / (cm2 GeV s sr),anti_muon_neu cosz-0.8_-0.75 phi0_360 smoothed weighted 1 / (cm2 GeV s sr),anti_muon_neu cosz-0.75_-0.7 phi0_360 smoothed weighted 1 / (cm2 GeV s sr),anti_muon_neu cosz-0.7_-0.65 phi0_360 smoothed weighted 1 / (cm2 GeV s sr),anti_muon_neu cosz-0.65_-0.6 phi0_360 smoothed weighted 1 / (cm2 GeV s sr),anti_muon_neu cosz-0.6_-0.55 phi0_360 smoothed weighted 1 / (cm2 GeV s sr),anti_muon_neu cosz-0.55_-0.5 phi0_360 smoothed weighted 1 / (cm2 GeV s sr),anti_muon_neu cosz-0.5_-0.45 phi0_360 smoothed weighted 1 / (cm2 GeV s sr),anti_muon_neu cosz-0.45_-0.4 phi0_360 smoothed weighted 1 / (cm2 GeV s sr),anti_muon_neu cosz-0.4_-0.35 phi0_360 smoothed weighted 1 / (cm2 GeV s sr),anti_muon_neu cosz-0.35_-0.3 phi0_360 smoothed weighted 1 / (cm2 GeV s sr),anti_muon_neu cosz-0.3_-0.25 phi0_360 smoothed weighted 1 / (cm2 GeV s sr),anti_muon_neu cosz-0.25_-0.2 phi0_360 smoothed weighted 1 / (cm2 GeV s sr),anti_muon_neu cosz-0.2_-0.15 phi0_360 smoothed weighted 1 / (cm2 GeV s sr),anti_muon_neu cosz-0.15_-0.1 phi0_360 smoothed weighted 1 / (cm2 GeV s sr),anti_muon_neu cosz-0.1_-0.05 phi0_360 smoothed weighted 1 / (cm2 GeV s sr),anti_muon_neu cosz-0.05_-0.0 phi0_360 smoothed weighted 1 / (cm2 GeV s sr),electron_neu cosz-1.0_-0.95 phi0_360 smoothed weighted 1 / (cm2 GeV s sr),electron_neu cosz-0.95_-0.9 phi0_360 smoothed weighted 1 / (cm2 GeV s sr),electron_neu cosz-0.9_-0.85 phi0_360 smoothed weighted 1 / (cm2 GeV s sr),electron_neu cosz-0.85_-0.8 phi0_360 smoothed weighted 1 / (cm2 GeV s sr),electron_neu cosz-0.8_-0.75 phi0_360 smoothed weighted 1 / (cm2 GeV s sr),electron_neu cosz-0.75_-0.7 phi0_360 smoothed weighted 1 / (cm2 GeV s sr),electron_neu cosz-0.7_-0.65 phi0_360 smoothed weighted 1 / (cm2 GeV s sr),electron_neu cosz-0.65_-0.6 phi0_360 smoothed weighted 1 / (cm2 GeV s sr),electron_neu cosz-0.6_-0.55 phi0_360 smoothed weighted 1 / (cm2 GeV s sr),electron_neu cosz-0.55_-0.5 phi0_360 smoothed weighted 1 / (cm2 GeV s sr),electron_neu cosz-0.5_-0.45 phi0_360 smoothed weighted 1 / (cm2 GeV s sr),electron_neu cosz-0.45_-0.4 phi0_360 smoothed weighted 1 / (cm2 GeV s sr),electron_neu cosz-0.4_-0.35 phi0_360 smoothed weighted 1 / (cm2 GeV s sr),electron_neu cosz-0.35_-0.3 phi0_360 smoothed weighted 1 / (cm2 GeV s sr),electron_neu cosz-0.3_-0.25 phi0_360 smoothed weighted 1 / (cm2 GeV s sr),electron_neu cosz-0.25_-0.2 phi0_360 smoothed weighted 1 / (cm2 GeV s sr),electron_neu cosz-0.2_-0.15 phi0_360 smoothed weighted 1 / (cm2 GeV s sr),electron_neu cosz-0.15_-0.1 phi0_360 smoothed weighted 1 / (cm2 GeV s sr),electron_neu cosz-0.1_-0.05 phi0_360 smoothed weighted 1 / (cm2 GeV s sr),electron_neu cosz-0.05_-0.0 phi0_360 smoothed weighted 1 / (cm2 GeV s sr),anti_electron_neu cosz-1.0_-0.95 phi0_360 smoothed weighted 1 / (cm2 GeV s sr),anti_electron_neu cosz-0.95_-0.9 phi0_360 smoothed weighted 1 / (cm2 GeV s sr),anti_electron_neu cosz-0.9_-0.85 phi0_360 smoothed weighted 1 / (cm2 GeV s sr),anti_electron_neu cosz-0.85_-0.8 phi0_360 smoothed weighted 1 / (cm2 GeV s sr),anti_electron_neu cosz-0.8_-0.75 phi0_360 smoothed weighted 1 / (cm2 GeV s sr),anti_electron_neu cosz-0.75_-0.7 phi0_360 smoothed weighted 1 / (cm2 GeV s sr),anti_electron_neu cosz-0.7_-0.65 phi0_360 smoothed weighted 1 / (cm2 GeV s sr),anti_electron_neu cosz-0.65_-0.6 phi0_360 smoothed weighted 1 / (cm2 GeV s sr),anti_electron_neu cosz-0.6_-0.55 phi0_360 smoothed weighted 1 / (cm2 GeV s sr),anti_electron_neu cosz-0.55_-0.5 phi0_360 smoothed weighted 1 / (cm2 GeV s sr),anti_electron_neu cosz-0.5_-0.45 phi0_360 smoothed weighted 1 / (cm2 GeV s sr),anti_electron_neu cosz-0.45_-0.4 phi0_360 smoothed weighted 1 / (cm2 GeV s sr),anti_electron_neu cosz-0.4_-0.35 phi0_360 smoothed weighted 1 / (cm2 GeV s sr),anti_electron_neu cosz-0.35_-0.3 phi0_360 smoothed weighted 1 / (cm2 GeV s sr),anti_electron_neu cosz-0.3_-0.25 phi0_360 smoothed weighted 1 / (cm2 GeV s sr),anti_electron_neu cosz-0.25_-0.2 phi0_360 smoothed weighted 1 / (cm2 GeV s sr),anti_electron_neu cosz-0.2_-0.15 phi0_360 smoothed weighted 1 / (cm2 GeV s sr),anti_electron_neu cosz-0.15_-0.1 phi0_360 smoothed weighted 1 / (cm2 GeV s sr),anti_electron_neu cosz-0.1_-0.05 phi0_360 smoothed weighted 1 / (cm2 GeV s sr),anti_electron_neu cosz-0.05_-0.0 phi0_360 smoothed weighted 1 / (cm2 GeV s sr)
0.01-0.011234493440205147,0.0106172467201025,0.0,0.0,0.0,0.0,0.0,0.0,0.0,0.0,0.0,0.0,0.0,0.0,0.0,0.0,0.0,0.0,0.0,0.0,0.0,0.0,0.0,0.0,0.0,0.0,0.0,0.0,0.0,0.0,0.0,0.0,0.0,0.0,0.0,0.0,0.0,0.0,0.0,0.0,0.0,0.0,0.0,0.0,0.0,0.0,0.0,0.0,0.0,0.0,0.0,0.0,0.0,0.0,0.0,0.0,0.0,0.0,0.0,0.0,0.0,0.0,0.0,0.0,0.0,0.0,0.0,0.0,0.0,0.0,0.0,0.0,0.0,0.0,0.0,0.0,0.0,0.0,0.0,0.0,0.0,0.0
0.011234493440205147-0.012621384285801252,0.0119279388630032,0.0,0.0,0.0,0.0,0.0,0.0,0.0,0.0,0.0,0.0,0.0,0.0,0.0,0.0,0.0,0.0,0.0,0.0,0.0,0.0,0.0,0.0,0.0,0.0,0.0,0.0,0.0,0.0,0.0,0.0,0.0,0.0,0.0,0.0,0.0,0.0,0.0,0.0,0.0,0.0,0.0,0.0,0.0,0.0,0.0,0.0,0.0,0.0,0.0,0.0,0.0,0.0,0.0,0.0,0.0,0.0,0.0,0.0,0.0,0.0,0.0,0.0,0.0,0.0,0.0,0.0,0.0,0.0,0.0,0.0,0.0,0.0,0.0,0.0,0.0,0.0,0.0,0.0,0.0,0.0
0.012621384285801252-0.014179485896514247,0.0134004350911577,0.0,0.0,0.0,0.0,0.0,0.0,0.0,0.0,0.0,0.0,0.0,0.0,0.0,0.0,0.0,0.0,0.0,0.0,0.0,0.0,0.0,0.0,0.0,0.0,0.0,0.0,0.0,0.0,0.0,0.0,0.0,0.0,0.0,0.0,0.0,0.0,0.0,0.0,0.0,0.0,0.0,0.0,0.0,0.0,0.0,0.0,0.0,0.0,0.0,0.0,0.0,0.0,0.0,0.0,0.0,0.0,0.0,0.0,0.0,0.0,0.0,0.0,0.0,0.0,0.0,0.0,0.0,0.0,0.0,0.0,0.0,0.0,0.0,0.0,0.0,0.0,0.0,0.0,0.0,0.0
0.014179485896514247-0.015929934128987078,0.0150547100127506,0.0,0.0,0.0,0.0,0.0,0.0,0.0,0.0,0.0,0.0,0.0,0.0,0.0,0.0,0.0,0.0,0.0,0.0,0.0,0.0,0.0,0.0,0.0,0.0,0.0,0.0,0.0,0.0,0.0,0.0,0.0,0.0,0.0,0.0,0.0,0.0,0.0,0.0,0.0,0.0,0.0,0.0,0.0,0.0,0.0,0.0,0.0,0.0,0.0,0.0,0.0,0.0,0.0,0.0,0.0,0.0,0.0,0.0,0.0,0.0,0.0,0.0,0.0,0.0,0.0,0.0,0.0,0.0,0.0,0.0,0.0,0.0,0.0,0.0,0.0,0.0,0.0,0.0,0.0,0.0
0.015929934128987078-0.01789647404750054,0.0169132040882438,0.0,0.0,0.0,0.0,0.0,0.0,0.0,0.0,0.0,0.0,0.0,0.0,0.0,0.0,0.0,0.0,0.0,0.0,0.0,0.0,0.0,0.0,0.0,0.0,0.0,0.0,0.0,0.0,0.0,0.0,0.0,0.0,0.0,0.0,0.0,0.0,0.0,0.0,0.0,0.0,0.0,0.0,0.0,0.0,0.0,0.0,0.0,0.0,0.0,0.0,0.0,0.0,0.0,0.0,0.0,0.0,0.0,0.0,0.0,0.0,0.0,0.0,0.0,0.0,0.0,0.0,0.0,0.0,0.0,0.0,0.0,0.0,0.0,0.0,0.0,0.0,0.0,0.0,0.0,0.0
0.01789647404750054-0.020105782028944644,0.0190011280382225,0.0034125449480314,0.0121669467750752,0.020921348602119,0.0296757504291627,0.0391181384444565,0.0462403362191281,0.0497302212095147,0.0565121695811098,0.064968038014286,0.0703304389808603,0.0812749204033803,0.0936604618705306,0.1067295144186323,0.1141872605593052,0.1079135465781918,0.1083511874470859,0.0763317684093635,0.0906672237710255,0.0844508970856586,0.0722598887861532,0.0038703902174189,0.0030537044975256,0.0022370187776325,0.0014203330577392,0.0023672471607611,0.0045755230688175,0.007897563074016,0.0120514699592658,0.0152616148337029,0.0185695708002189,0.0251291712285966,0.0303861096995639,0.0421281892761879,0.0576202976043844,0.0757050636968017,0.0979898535156204,0.1097590940428293,0.0988290530193096,0.0976598249191977,0.0721667524405338,-0.0016431144694787,0.0018975762556463,0.0054382669807714,0.0089789577058966,0.010879319421276,0.0117243987222122,0.0105448678062777,0.0094672995104455,0.0077543408159384,0.0060802531516758,0.0047596855984354,0.003935147285332,0.0039097177692324,0.0045798015466617,0.0045654043220088,0.0033386176159303,0.001702519167499,0.0031706055237513,0.0025187527690697,0.0036343833974887,0.0043438569065842,0.0038823058596696,0.0034207548127549,0.0029592037658404,0.0045345575722729,0.0056667830855324,0.0086484599622253,0.013002533657819,0.0181430846987556,0.0212410389346034,0.0243651302404268,0.0304375176347923,0.0379191526745838,0.0423171267454416,0.0514619488108051,0.0631165666914191,0.0788312672572103,0.0176076451505427,0.0101344598665826,0.0021017810699088
0.020105782028944644-0.022587827631437313,0.0213468048301909,0.3248129190948751,0.3704065406440555,0.4160001621932359,0.4615937837424163,0.4990060970608414,0.5348853005122298,0.5635783758607251,0.5893848723796922,0.615678095830934,0.6390611857817303,0.6517199074540737,0.6810098677887538,0.7118880880457782,0.7544574290542355,0.8125739139860978,0.9172365008065956,1.1882882307539937,1.5908572905141776,1.612793303980974,1.6715023981268824,0.4783191268102746,0.5066223985768341,0.5349256703433937,0.5632289421099531,0.582746304166005,0.6203801763170235,0.6519568715062116,0.6774645844210228,0.7217202749952226,0.7660615161787061,0.8279346477843218,0.873857888812521,0.9431570021666698,1.0368152333558551,1.1267784773391905,1.2786301386471846,1.8815395618450867,3.139510962621811,3.497631099724257,3.625491319106906,0.2700169626562619,0.2808955823333549,0.2917742020104478,0.3026528216875407,0.3146575923395627,0.3196030002968869,0.3254388551463006,0.3411738573196616,0.3660584319952759,0.3867712672928644,0.4157772922520543,0.4508238479026085,0.4933891860836153,0.5304320067481139,0.5505697732250704,0.5715919229156682,0.6916217442590188,1.0783210735184812,1.1753152300080043,1.2151166624788696,0.1581588490868316,0.1964545538558279,0.2347502586248243,0.2730459633938206,0.2978082125703543,0.3051967333916406,0.3065074819792282,0.3046645311087027,0.3050039505862444,0.3132735506381557,0.3334163478087702,0.367119107587041,0.4106748225285967,0.4455085734824514,0.4924897310228858,0.569496364795718,0.849864907065334,1.3640194475398222,1.4547585873066309,1.484575922378076
0.022587827631437313-0.025376280135386717,0.023982053883412,0.5066433716833203,0.5411854721043672,0.5757275725254141,0.610269672946461,0.6316393146354744,0.6340842189941018,0.6410791072726345,0.6405000451234737,0.6623307588772568,0.6921677396453338,0.724778675631067,0.7833505354898809,0.8802807097932194,0.98070663961266,1.090558259385496,1.204308212536487,1.6105287236303818,2.048762372807368,2.1181126511242936,2.1853893087063683,0.4048986742079736,0.4163858462381809,0.4278730182683882,0.4393601902985955,0.4421128109003922,0.4532715124254098,0.4592512713707922,0.4637977385568645,0.4916302151043153,0.5352078500267753,0.6142520735650745,0.7160908658416886,0.8412704881613001,0.981417085708181,1.0646869993668011,1.1677057605531191,1.39293541816612,2.0040042725758016,2.215010617137968,2.3085305252842603,0.3385698064431507,0.3444093099294964,0.3502488134158421,0.3560883169021878,0.366722864794538,0.3697282634195505,0.3669075651842172,0.3747562504080722,0.3912675146134479,0.4263761018114156,0.4727886639559919,0.4990182683318531,0.541431747512636,0.5597403928666647,0.5295134046790869,0.527973909035674,0.5914751193281442,0.6180865406724971,0.6689103401734273,0.6907230136357673,0.1869841727722781,0.2293968769586429,0.2718095811450078,0.3142222853313725,0.3421622778448109,0.3710201880976486,0.3916805858265047,0.3825952318375794,0.3715262691345535,0.3565527505941991,0.3454723896701843,0.3397079044919138,0.3504092711715038,0.3830318184521549,0.4635399405972381,0.5164108706016042,0.8348142422809727,1.3079682734628306,1.442098871054365,1.4378755630428357
0.025376280135386717-0.028508965271781036,0.0269426227035838,0.5451285231596915,0.6112630054341218,0.6773974877085522,0.7435319699829828,0.7862163873739181,0.7851956058975728,0.7569206108330945,0.7203255723442897,0.7054193988463481,0.7167947054134447,0.7577599063557582,0.8387489389024008,0.9139962678178988,0.9997595258166818,1.077293324141437,1.195135008696994,1.5195794559303148,2.5438230733396225,2.951599042720954,3.179661606823393,0.4203525255930411,0.4571804272087038,0.4940083288243665,0.5308362304400293,0.5508964090874016,0.5769935118449885,0.6053124846577859,0.6569641367191632,0.7213601879572664,0.7949122618863484,0.8831714669613955,0.9672651812757856,1.04036287069576,1.1243337362421173,1.1915546932107093,1.2763838987592722,1.3968730920060428,2.1336445722981328,2.3029672912181525,2.417134406225304,0.2888660433546577,0.2900087162009774,0.2911513890472972,0.2922940618936169,0.291255758979645,0.3000382391948312,0.3235104043365857,0.3524036479629685,0.3793495967609849,0.4012947446944898,0.4096298267513223,0.4211590999005871,0.4434283467926727,0.4726171130904746,0.5382089952992625,0.6397635771059703,0.90805752025093,1.3411246778171046,1.299921937934066,1.286482690326231,0.2589548923545541,0.2799763399609695,0.3009977875673849,0.3220192351738002,0.3416735479997024,0.3412033625399299,0.3354572924524691,0.324702452455242,0.3163690712746657,0.2993039332849423,0.295857937050806,0.3052318809154709,0.3454208840475352,0.3935189409681936,0.4736202000157622,0.566873527278101,0.8070463090715222,1.0789396017738848,1.2160730804132474,1.2728634802680787
0.028508965271781036-0.032028378333286034,0.0302686718025335,0.553020685659946,0.6016809659736035,0.6503412462872611,0.6990015266009186,0.7350125553168821,0.7418030062134252,0.7384538271395144,0.7399045368738153,0.7432094580577367,0.7416969590258528,0.7594071519370319,0.7799873770951555,0.8210691022943983,0.8521171888382506,0.9292263436548585,1.063938899444951,1.633395464174057,2.866498773805577,3.174884221744777,3.338092131006241,0.5425872625047953,0.5619261421535677,0.5812650218023403,0.600603901451113,0.6227068207740475,0.6417392009684042,0.6592958351122239,0.6758452457666823,0.6908043431147498,0.7173223780924614,0.754892292567232,0.7946179523622547,0.8404883816151133,0.9006510677050861,0.9641923101537716,1.0525272609459253,1.2432390171863337,1.5471542900720436,1.7116202429642873,1.8157794190252845,0.3613025873484596,0.3675516850118744,0.3738007826752892,0.3800498803387039,0.393346338475688,0.406288068162816,0.4262852293611975,0.4639642397229984,0.5083463982066713,0.5526211930254674,0.5913412128728331,0.6108245848868719,0.6529783717107572,0.6853302679735823,0.6850994787957648,0.7203168083255059,0.894444064055332,0.8698631799006721,0.8525355683605998,0.8717716960049939,0.1800794008694209,0.208312506591748,0.236545612314075,0.2647787180364021,0.2896340573633149,0.31007182737697,0.3244963110594026,0.3367022056017833,0.346024620769185,0.3538062839630739,0.3587251499957195,0.3686950571907887,0.3788003526741714,0.3930976886621992,0.4136604491069435,0.4301952450410439,0.5911322388057425,0.7527966326992087,0.7638108208329725,0.7260805912296838
0.032028378333286034-0.03598226062857106,0.0340053194809285,0.6470415073414431,0.6561692135104096,0.6652969196793759,0.6744246258483424,0.6975003037904574,0.7238244154039756,0.7435494175511713,0.7605164253589055,0.7791998548384228,0.79748997246677,0.8276561870472161,0.8583919224088362,0.9075604623073038,0.9702242020299294,1.0053971783809246,1.064329292928898,1.3978297797096957,1.802110492846796,1.9149797563058204,1.9068540361772996,0.4364802707221814,0.5034499838325823,0.5704196969429831,0.637389410053384,0.694001140757589,0.7347190832432808,0.7710537540698051,0.8024932210517669,0.8365013398363905,0.8742388028272658,0.9069145275243992,0.9236877042007297,0.9723773348313176,1.0118929833103398,1.0585322778314936,1.131841489925487,1.533323503368371,2.4372443794381256,2.677004780511288,2.761654629726842,0.2804987839373752,0.330633377880295,0.3807679718232149,0.4309025657661348,0.4795250250363263,0.5215913841368944,0.5523338699727367,0.5730861668751159,0.576098431454746,0.5486571548967216,0.5122976662751114,0.4654442624821982,0.4211306611101971,0.3926040409696949,0.380496490708084,0.4038321219903278,0.5418758126569982,0.9273814258197984,1.0487632100453903,1.0988170678345308,0.3334769810526115,0.3386511800502589,0.3438253790479063,0.3489995780455538,0.3502755574928684,0.3569278131716055,0.365185493536835,0.3693386471953185,0.3829963813260913,0.4036884651178385,0.4095479965489176,0.4283404075748338,0.4449761910960695,0.4911904971598457,0.5516635277209455,0.6335995360754881,0.8755334920390441,1.2113732118008285,1.203782284329728,1.229423042940868
0.03598226062857106-0.04042424709954334,0.0382032538640572,0.5876246116885248,0.6235110339440588,0.6593974561995929,0.6952838784551267,0.7311102565629043,0.753868821545948,0.764034344637843,0.7765253496439297,0.7716722551131783,0.7807506485114473,0.7833270616764313,0.8194967340710769,0.8767554714836919,0.97050078104952,1.087522535111535,1.2294838000312864,1.2828486223206794,1.3163365187341096,1.374122672926105,1.4762453456714355,0.5675232476521729,0.6049944542678971,0.6424656608836214,0.6799368674993456,0.715976564377729,0.7539251577023804,0.7737398564341513,0.7829301407838427,0.7912707187082001,0.8095057568135671,0.8312607048764419,0.86538567239247,0.912500507012636,0.984068309002867,1.0556445720327927,1.1105347402281265,1.1828001653384672,1.3764683775270152,1.4245073151923535,1.431480345335247,0.3251559853665335,0.344076090910101,0.3629961964536685,0.381916301997236,0.3877346549212772,0.3988772849071657,0.3981402637212792,0.3904563039938623,0.3775240311532707,0.3763530983793788,0.381953171042373,0.41219494651231,0.452476825311403,0.5042407132501436,0.5324066419527772,0.5771936107750009,0.704099004012896,0.9324837819187176,0.9608120254012664,0.9599421360404828,0.4231567272730096,0.4142067330847134,0.4052567388964174,0.3963067447081212,0.3946858822135319,0.3886110079114503,0.3786243434134557,0.3808269385548372,0.3868353152970771,0.3930163555845192,0.4055467251511529,0.4199112371753998,0.4337814187013201,0.4596380400881868,0.4798071369040049,0.5479708368256674,0.8414051099311558,1.089822854445854,1.181113290710438,1.2328343251135183
0.04042424709954334-0.045414593886505185,0.0429194204930242,0.6092999777253976,0.6414290804052483,0.6735581830850992,0.70568728576495,0.7495949809470756,0.7903303671601691,0.8340387644725034,0.878009134997243,0.9219932337731148,0.9580644675015756,0.99087199915483,1.0030061617002215,1.0228965264875276,1.029515943311561,1.0271793574581218,1.032327267927846,1.2035966539556615,1.6305573784471774,1.6287326984174173,1.61799226835339,0.6981413127590788,0.7033494319042362,0.7085575510493931,0.7137656701945506,0.7278157050264407,0.748022170256279,0.7761202525652745,0.8188425565032175,0.8717729492328663,0.927811870616854,0.9797870593352358,1.040664190307738,1.1141290929764882,1.1645752458201364,1.198367672794056,1.2548949331964905,1.5029829297467143,2.064514001334471,2.1413713423609564,2.145998864137176,0.4234562642825336,0.423865627698824,0.4242749911151144,0.4246843545314049,0.4200657064117397,0.4178619769785804,0.4137876880937277,0.4139507209667172,0.4148147715996229,0.4211986136670115,0.4248411890617492,0.4303556508994828,0.4495780317462898,0.4733450491989538,0.4936214961948726,0.5307717414368018,0.6669516764808184,0.8445114165369481,0.8178068953093653,0.7874497043513943,0.2566027400989522,0.2867070155664254,0.3168112910338985,0.3469155665013715,0.3741796273680914,0.3884637441390441,0.4058935270370591,0.4167583770516689,0.4173779101793933,0.4196279679618677,0.4157646886795196,0.4109496555674972,0.4155147950089522,0.4151138530135406,0.4410146471245201,0.5126098220923748,0.766542618918876,1.2756215489906342,1.3808649388044665,1.442505869661404
0.045414593886505185-0.05102099571075232,0.0482177947986287,0.6627953413899529,0.7225484212285086,0.7823015010670644,0.84205458090562,0.880019246318828,0.89629409424238,0.8951777768926933,0.8799480903627777,0.8672920689306532,0.8590382430960705,0.8738960595231641,0.8934427894654007,0.9267891016807734,0.9766139433909324,1.0053202208880925,1.0713467409042283,1.3747927824971282,1.7780834017793137,1.7534351700686253,1.710850225164541,0.6045143654868442,0.6797184567516024,0.7549225480163604,0.8301266392811183,0.8972297374093946,0.942788102937994,0.9497818586476768,0.9433765453428852,0.9240447949330955,0.8824229542640972,0.8513626278605992,0.8258790024403492,0.8143006307012226,0.8617900869343607,0.9065870297255731,1.0065385228851458,1.39009851932982,1.9975212640258155,2.104358972917444,2.1675620196586847,0.365846406895394,0.3768059107157179,0.3877654145360418,0.3987249183563656,0.4015606504787194,0.4093055459706586,0.4067657568755317,0.3935174863782936,0.3825085753599906,0.3736607170034587,0.363172388600542,0.3640508074624817,0.3792973462393201,0.4064277773253443,0.4168594185087352,0.4124474405713972,0.4517488241224681,0.5816920458625117,0.6335350283873542,0.6695775499511516,0.2475276401183964,0.276441854855103,0.3053560695918095,0.3342702843285162,0.3506750764747348,0.3672486696038374,0.3853493033014787,0.4041020995721022,0.4220575382779933,0.4268095880126532,0.445622522190861,0.4644400777177347,0.4738134397154699,0.4908654512241592,0.5255352158596482,0.5807454214565856,0.7525063256668317,1.147130771856795,1.2557112627038367,1.3475667664417734
0.05102099571075232-0.057319504162518214,0.0541702499366352,0.6490829850356,0.6921671191330429,0.7352512532304859,0.7783353873279286,0.8251867703632364,0.8577028850056919,0.8851552670380438,0.8950590322927263,0.906351800748454,0.9158512494181738,0.9252434658261268,0.9412609195683184,0.9659203028599052,0.9830165979329988,0.9980543732684706,1.0233520408905694,1.3039933896056646,1.9703474625640207,2.2289372931923164,2.357458042182893,0.5879867213061298,0.6412112597665812,0.6944357982270328,0.7476603366874842,0.7975555864157406,0.8412597934571446,0.8761021750253031,0.8979717859785378,0.9078122822539212,0.9038302139996176,0.9134529887454124,0.9226094511189616,0.9456282162725116,0.97478537443671,1.0141781803847012,1.032083225391899,1.159555189098254,1.6659244260780994,1.802813205329585,1.864294053347669,0.3874396374047453,0.4011146259766636,0.4147896145485819,0.4284646031205001,0.4484192642067171,0.4672137440901043,0.4785212800563646,0.4780080071172281,0.4787141989106065,0.4818502168804497,0.4846511109287937,0.4858110778104779,0.5004518047015002,0.530393723765978,0.5714842330600356,0.6222519575790819,0.8113387416020666,1.1848967130120305,1.2871585510412595,1.328232675726504,0.216428970997453,0.2601430267477981,0.3038570824981433,0.3475711382484884,0.3762916676178983,0.4013090628966615,0.4125624596234066,0.4022637286277223,0.3869118496573923,0.3720620762278859,0.3602523109444965,0.3576965256969381,0.367099743838263,0.3944882370044625,0.4340736156230895,0.4890684535398737,0.6662635566926695,1.0292120737442818,1.090780808160374,1.0968529496109505
0.057319504162518214-0.06439555935096224,0.0608575317567402,0.6182613221557152,0.6954692413044289,0.7726771604531424,0.8498850796018562,0.9206672667770864,0.965712736047858,0.9886936048411314,0.9986733128809556,0.9866380341266,0.9693500739222388,0.9551308197977212,0.9299303252442968,0.9177268645975458,0.9249398436937932,0.9385132622268332,0.9894040845150858,1.2926241071509172,1.801951276668572,2.014092301945297,2.1951575043150338,0.5346717512514193,0.5945232041515054,0.6543746570515915,0.7142261099516776,0.7578083916539535,0.8095517946905281,0.8509956899535513,0.8816097176121148,0.8976675634067939,0.8935535676653196,0.8893009486140272,0.8912655990588277,0.8970019751762761,0.935988295045636,0.9851342981117144,1.072482258775075,1.3978859589007282,2.0251788438460703,2.112750477341884,2.1773176306350366,0.3761618646147993,0.3818766332567601,0.3875914018987208,0.3933061705406815,0.4046232900894061,0.4124286884372363,0.4265522695194597,0.4384429540388472,0.4565537883171006,0.4774569470160189,0.4946711729239876,0.516773764543319,0.5276630614900265,0.5371018327076548,0.5557637232467182,0.5789959595097849,0.7093204876500715,1.0473295708311432,1.1269192499901988,1.143494415941516,0.3348097472995674,0.3615389424841956,0.3882681376688238,0.414997332853452,0.4346458670947116,0.4384862937972172,0.4306521307080637,0.4222944198265925,0.4135181283895211,0.4188504591768187,0.420248573170813,0.4288058701878141,0.4460354378892774,0.4720807623464623,0.4894352715333918,0.5306525427455582,0.7138645542938543,1.18741942214725,1.317500393696739,1.380181108477376
0.06439555935096224-0.07234514891067265,0.0683703541308174,0.531372153112044,0.602885064836135,0.674397976560226,0.7459108882843172,0.7968025818824168,0.8252235622508001,0.8315717068435508,0.8309801611265005,0.8227213293459302,0.8192539552814733,0.8268108599341619,0.843754665474921,0.8621656354118993,0.8970571766841948,0.925269847151732,0.9312075635775652,1.0260683985668766,1.45420545149541,1.541438243743383,1.6411426621121197,0.5341081990716611,0.57416694178609,0.6142256845005188,0.6542844272149477,0.6914620187762884,0.7157977677085393,0.7378787300637534,0.7584753411403314,0.7812413709537565,0.7918465816790654,0.8097429680287321,0.8399492181971291,0.8791152706668579,0.9193480790397216,0.967075125061325,1.0262588674870354,1.2313366960657353,1.6461283211027786,1.7047634444669273,1.7068086368418764,0.338907705420867,0.3672722197282853,0.3956367340357036,0.4240012483431218,0.4434644188919648,0.4619055420809161,0.4701045095731517,0.4670946498423916,0.4527938940144051,0.433330974073241,0.4122024809301316,0.3993234751612168,0.3861113260921051,0.382581528386242,0.382335873606843,0.3908709957182076,0.3939883919969328,0.5367643538794797,0.5661773375060357,0.5816580903179098,0.2335266755227135,0.2543233723674947,0.275120069212276,0.2959167660570572,0.3164528649262778,0.3436028600633749,0.3707607336031395,0.3890370833630996,0.394441206314868,0.3869610042537867,0.3822806012910438,0.3742185202806417,0.3731962235690887,0.3830523576500854,0.4152740778708265,0.4667767944609464,0.683067190873699,0.998061609029621,1.0501608850274593,1.0699870201345396
0.07234514891067265-0.08127611008676167,0.0768106294987171,0.4840351176331719,0.5427019827286881,0.6013688478242043,0.6600357129197203,0.7028090193917482,0.7364551703420466,0.7561223984506414,0.76828082551778,0.7741857133959683,0.7835944834694554,0.8022596981258913,0.8276942957306782,0.8604847486329883,0.8959772757448871,0.9377466021942972,0.9900039079285842,1.191782504851585,1.6059185727262135,1.7536937861020647,1.8437006233643356,0.5062713023687584,0.5718606522774571,0.6374500021861559,0.7030393520948542,0.751955185142415,0.7942164453924914,0.8203112951035386,0.8252626193314687,0.8156449830683055,0.8070666740687962,0.8018192616848413,0.8080999784331936,0.8164897730757499,0.8334788254825473,0.8290801371956488,0.8536888863347124,0.9701660040881382,1.3917963247074812,1.466082900983874,1.4798029441830756,0.2899684355183468,0.3107466888477753,0.3315249421772037,0.3523031955066322,0.3695398783798461,0.3942979653973299,0.4146858707613133,0.4306015913791036,0.4344696950182763,0.4336282926896236,0.425656947358251,0.4123071656763022,0.4041697496165845,0.4072080850595936,0.4080207256439728,0.4468463158808829,0.614827705892412,0.9346954163269706,0.974783992153914,1.024376805552702,0.2506313243854115,0.2767747534204224,0.3029181824554333,0.3290616114904443,0.3518165655791084,0.3639736078613784,0.3643495296319548,0.3553612878242303,0.3372610120500648,0.3213895940016358,0.3006322895789697,0.287873055031082,0.2845092080641263,0.299310742340022,0.3171611386113838,0.3318678326522353,0.4425468649483922,0.6665920933467002,0.7102138338305288,0.7557658518876693
0.08127611008676167-0.09130959256151153,0.0862928513241366,0.4852717503305507,0.5324772753584742,0.5796828003863976,0.6268883254143209,0.6634872417328906,0.6930679481214513,0.7128708981413894,0.7199784025169921,0.7097851248109249,0.7025036719809181,0.6914575622818142,0.6805690825875732,0.68604619987416,0.709915033380077,0.7542439013374392,0.8343958770405031,1.1293291234123406,1.5948469442140056,1.639534887916611,1.6106432947405378,0.5020520369162479,0.5410679652428741,0.5800838935695004,0.6190998218961267,0.6461348542282817,0.6713190746240982,0.6834410790376431,0.6980897568436079,0.7054341425063143,0.7143385493431617,0.7260664738804246,0.7413301345083178,0.7607728186462624,0.7927195698562395,0.7935644927338718,0.821299530385098,0.9845195330304456,1.499773117325807,1.566579038996885,1.5965472463749286,0.2936542361851076,0.3031786296791425,0.3127030231731774,0.3222274166672121,0.3293482504546158,0.3292406794948203,0.3205281937415125,0.3114703941347345,0.3013820091288087,0.29059282048149,0.2864282259580424,0.2853039394680394,0.2830413058408357,0.2921355589888663,0.3084899971171133,0.3533341342557308,0.5149313654858861,0.896916292889388,0.9807308447167066,1.013677619871397,0.2148006847650497,0.2354253761412203,0.2560500675173908,0.2766747588935613,0.2962291494321205,0.3009675742222765,0.2983706274593263,0.2915353301872689,0.2856092010650116,0.2791639128993844,0.2772270954240359,0.2723165397463544,0.2791883984289038,0.2849566117518882,0.2977998069025808,0.3165328276171844,0.4028333557673045,0.5081446090899964,0.5125235596365957,0.5140428009494785
0.09130959256151153-0.10258170186601064,0.096945647213761,0.4306710984773593,0.4761934009869896,0.52171570349662,0.5672380060062502,0.6045562232281044,0.6435535378884699,0.6715446695604129,0.6880045811915354,0.6985012795450323,0.7012686669832265,0.6989203492636419,0.6891287103427651,0.6827051767566872,0.6793161981500888,0.6627006953369171,0.6248322631889303,0.6855251577123949,0.8409086223185932,0.8642647832676296,0.8486212139827561,0.4217749803704474,0.4641034669902772,0.5064319536101071,0.5487604402299369,0.5805246670573895,0.6063031690439725,0.6234019320532247,0.6226118339591887,0.6216452128962321,0.6120557705920625,0.600143622052157,0.5918873025252582,0.5930140990865547,0.5981298378516334,0.6051153460514522,0.6221136553622809,0.7387058104436309,0.8878290940265707,0.914326274350186,0.9535400782653388,0.2472415432736357,0.2616720596781288,0.2761025760826218,0.290533092487115,0.3057674896550287,0.3218396152678308,0.3306784780632919,0.3388502105397786,0.3420080280530553,0.3394325709334574,0.3335969527776402,0.3275090301176248,0.3256128910015166,0.3306192409907771,0.33792701521531,0.3657319549165991,0.4451773587065431,0.5935134347781075,0.6735501489353499,0.6950603024268329,0.2528353335428107,0.2611029109025734,0.2693704882623362,0.277638065622099,0.2854696308172283,0.2899862746074991,0.2921085210549339,0.2933601955084254,0.292657447248653,0.2888960377888352,0.2883875405622638,0.2928634174017162,0.297880196004479,0.3067681308233206,0.3081909967638502,0.3131278200559406,0.3534924624827705,0.5198701780811068,0.5305798918032879,0.5368601439497694
0.10258170186601064-0.11524534566987764,0.1089135237679441,0.3630241141166485,0.4037517431849571,0.4444793722532655,0.4852070013215741,0.5261249119378102,0.5556633611186317,0.5795058866582845,0.6003080984005481,0.6151079528206326,0.627863158843119,0.6352609093130517,0.6416885472350297,0.6458523617400854,0.650817503308698,0.6653866089590532,0.7074584129030885,0.8646201390014071,1.1516347678051924,1.188342055518877,1.1586466194764955,0.4283777732901782,0.4622606461251279,0.4961435189600774,0.5300263917950273,0.5592290816883896,0.5892305603570119,0.6123171534980076,0.625655309273983,0.6347014363892198,0.6402632731714446,0.6363289125506729,0.6332769788277497,0.6355043270836568,0.6491787575939473,0.6591979438198874,0.6582206178755687,0.748726374281956,1.089172392255534,1.1724180037127503,1.2165888296100231,0.2184114225493697,0.2273644198344192,0.2363174171194686,0.245270414404518,0.2578416537538496,0.2626385027485934,0.2650535462960888,0.2730697552256925,0.284629223502301,0.2999974624453547,0.3154767719780197,0.3340113972462156,0.3459270281296113,0.3452934496332929,0.3352002172105811,0.341495096287994,0.4105144543528623,0.537661032889678,0.5739039824375021,0.5878380657775962,0.194486851253245,0.204260741230542,0.2140346312078391,0.223808521185136,0.236469728081401,0.24985367014497,0.2616473643150283,0.2730929629485716,0.2856851308169729,0.2953105582470443,0.3034194395430613,0.3021133164329035,0.2983481993115234,0.2902743483453587,0.2806090140827577,0.2739104265852316,0.3367429145293786,0.4768652040344029,0.4988386135520897,0.5022262402401998
0.11524534566987764-0.1294723079942415,0.1223588268320595,0.4238139687267064,0.4473627978159168,0.4709116269051271,0.4944604559943376,0.5137477812932669,0.5286941919420749,0.5414129245431113,0.5497703207713736,0.5496083903973613,0.5491005520106088,0.5610528490098752,0.5750429061076703,0.5933697827415321,0.6205151941245365,0.651263200196447,0.6877481485675802,0.8478076567244309,1.0899220323665164,1.1425507540974595,1.1586638388775328,0.4260422936126751,0.4552672079671047,0.4844921223215344,0.5137170366759641,0.5396544559406377,0.5532898182782998,0.5597693576106901,0.5610786508957405,0.5599839721265628,0.5617432717858268,0.5563488188553494,0.5629019990759068,0.5751986175584611,0.5870154567957183,0.5941988951475697,0.5919512416621401,0.6553859457479667,0.8380584498738336,0.8339761761903353,0.8392706928389819,0.1622247472562847,0.1784007516901056,0.1945767561239265,0.2107527605577473,0.2262347476208703,0.2429336167194882,0.254622870254988,0.2617044248273729,0.2678607656979641,0.2692993683505824,0.2725601241580094,0.2670337116480702,0.257099068272124,0.2574081090652456,0.25934840172519,0.2690908096834047,0.3243869536695742,0.4171598650127887,0.4437572151200158,0.4522458960235435,0.1884737016860405,0.2028678299628654,0.2172619582396903,0.2316560865165153,0.2447823162829918,0.2541350269467325,0.2595884984581861,0.2614593262708237,0.2628258214198007,0.262841349038284,0.2599017019526449,0.259348235094151,0.2573368549970702,0.254809166139197,0.252811247247072,0.2443753187997438,0.2770935929532153,0.3669341207681471,0.3957880210144269,0.4201216794078081
0.1294723079942415-0.14545557948495272,0.1374639437395971,0.3620050066981109,0.391283380397661,0.4205617540972109,0.4498401277967611,0.4689420361002107,0.4815382364765539,0.4905422718779863,0.4894516405376558,0.4878449549277638,0.4848678475690975,0.4843992073730589,0.4900261610288211,0.5072326524642709,0.5247562638855658,0.5466432457818792,0.5481347817580563,0.615862706545212,0.8396258153711483,0.8748839931708314,0.9026232482145322,0.4069579535159329,0.4225888910632643,0.4382198286105958,0.4538507661579273,0.4685837848354083,0.4772348242508216,0.4795042204087208,0.478508144803666,0.479369467164524,0.4812906068314229,0.492628267704043,0.5061513612894571,0.529977590103426,0.5627676483519,0.5925371599832286,0.6137614107527164,0.684426058341523,0.736801961992266,0.7055662408705253,0.6906478624161325,0.1693460274853894,0.1807061807079924,0.1920663339305954,0.2034264871531984,0.2138076760098767,0.2215876915058239,0.2280644932786126,0.2315815878773284,0.2337467009118993,0.2359801951193731,0.2367102515094533,0.2444641402299266,0.2607299706807039,0.2762543706365375,0.2943898669762168,0.3215710039510487,0.4381781899574359,0.5238608895400221,0.5162112810906099,0.5076908631410946,0.2284340683539189,0.2273046754215911,0.2261752824892633,0.2250458895569355,0.2245899577767185,0.22322850770566,0.2227717435994266,0.2242898075311656,0.2249500870070488,0.2255729105228297,0.2264739656815196,0.2250538856583913,0.227058040318796,0.228497343876937,0.2350838424421107,0.2537476744047793,0.3261954389261689,0.4981050221927836,0.5649281465331865,0.6009260752555423
0.14545557948495272-0.16341197535649393,0.1544337774207233,0.3424498354322865,0.3568783710020352,0.371306906571784,0.3857354421415328,0.3960937587543953,0.403635650048489,0.4084490937894374,0.4117410769669522,0.4159639860834996,0.4183740720644354,0.4201158923981469,0.4249078722846051,0.4411974401477623,0.4645794793271732,0.4977598510663081,0.5304621751678851,0.664550324640695,0.7890537925633666,0.8002966246996585,0.7837328155132258,0.318423505080614,0.3425540214131825,0.366684537745751,0.3908150540783194,0.4009937592532137,0.4103926635891416,0.4153812622675384,0.4187793976538312,0.4188392935929066,0.4183073485687684,0.422788485116188,0.4354708225004647,0.445869480881846,0.4540902028335089,0.4622154731019925,0.4723550673690755,0.5290289242582048,0.6151055444426965,0.6238510998142338,0.6175848641216083,0.1373613573450044,0.1506526201802105,0.1639438830154167,0.1772351458506229,0.1844990915152249,0.1898125321140858,0.1928888102188422,0.195492480841998,0.1977176532562463,0.2011798549978795,0.2088563374639677,0.2228860166676531,0.2364849395661429,0.2529856677166999,0.2665592990894139,0.2779056915655853,0.309243737984028,0.311330709413853,0.2996413471281631,0.2860252969839427,0.1527842557096811,0.1637282074226744,0.1746721591356677,0.1856161108486608,0.1876852470787546,0.1928635097643877,0.1982093070280002,0.1996936962622559,0.1970855899145144,0.1940843391124339,0.1932112077757111,0.2004761999321874,0.2082204879774168,0.2170696488153296,0.2275429219818275,0.2343525108841564,0.2408083353973552,0.2593414126213234,0.2398329210418286,0.2386793811302106
0.16341197535649393-0.1835850765193496,0.1734985259379217,0.3341970982403363,0.3409453185627625,0.3476935388851886,0.3544417592076148,0.3619447958269171,0.367314027691843,0.3715737147331804,0.3703987776711144,0.3657018575336207,0.3598412896418196,0.3584665263334794,0.3633757555456541,0.3745189654223372,0.3887555006042805,0.4106342953479672,0.4348964588787001,0.4859636870027143,0.521180585550364,0.512406281717889,0.5029433913961233,0.2686349692067135,0.285048297706318,0.3014616262059226,0.3178749547055272,0.3302588173620971,0.3388939308121762,0.3450899488318302,0.3485392463953529,0.3532283615212486,0.3578316476643705,0.3607232398685782,0.3583745316332209,0.3571789655265848,0.3566468480545451,0.3560564755188672,0.3556536891064519,0.4147728366477516,0.5993278583655408,0.6454004685601669,0.6733323876946925,0.1579804027232341,0.1663763618146233,0.1747723209060125,0.1831682799974018,0.1860918490926823,0.1907356227950609,0.1907243753509987,0.1860152013947647,0.1777648288467487,0.1761769802107095,0.1760041170216585,0.1803620143526575,0.1894453169672012,0.2082503334607627,0.2289660591817591,0.2446341992450957,0.2589940623861955,0.2853938459612702,0.2921550315076392,0.2897662318962264,0.1701319609559845,0.1726594934983341,0.1751870260406836,0.1777145585830333,0.1750626942075368,0.1733772390753023,0.1707548339274706,0.1656289966853741,0.1626151551777648,0.1613575716563611,0.168371779564673,0.1822847504168409,0.2003085576227549,0.2215849506095311,0.2359998199681842,0.2295669211587771,0.2240146956355656,0.2664303847201981,0.2627789885082269,0.2513616443762283
0.1835850765193496-0.2062485337876194,0.1949168051534845,0.2139491781026186,0.2394247317518489,0.2649002854010792,0.2903758390503095,0.3115034904441855,0.3228567267911947,0.3300190375177257,0.3315678163520186,0.3262912667376856,0.3122253045285469,0.2974864524789219,0.2891079272860855,0.2875805595525799,0.2890137693248713,0.2992270078369173,0.3273822495447578,0.3831898164782258,0.4174240880233884,0.4117643758636098,0.4052757603647564,0.260482820503165,0.2672416310988629,0.2740004416945607,0.2807592522902584,0.2840182411889322,0.2883444199679157,0.292037467251277,0.2938600050578002,0.2956427723161625,0.3012817170817393,0.3066000866147862,0.3192657655346246,0.3329554156218787,0.3475552772612685,0.3612282391456072,0.3747320970452367,0.385009367272664,0.4048405457642521,0.3839005835033884,0.3786834042756759,0.1285994836472,0.1319871905931818,0.1353748975391637,0.1387626044851455,0.1411112234484393,0.1430611458644281,0.143896103242571,0.145093226060913,0.1469273121520686,0.1487769992502456,0.1515375693032313,0.1535378726959938,0.156879743211791,0.157800502890539,0.1495783995603166,0.1449052387570923,0.1505654121331461,0.1741044650174222,0.1786830099631823,0.1811072895879918,0.1219349631322539,0.1225650956315649,0.1231952281308758,0.1238253606301868,0.1253581418643569,0.1302630586009847,0.1351504401308022,0.1394161024485442,0.1421128317401373,0.1411352039298683,0.1373855173275232,0.1300594143548635,0.1246030052376104,0.123413438695968,0.1228766623331779,0.1270113474860493,0.1699491828487855,0.2456482180039172,0.2534010288843297,0.2485423624456639
0.2062485337876194-0.23170977998889394,0.2189791568882566,0.2138090612069399,0.2301415126367138,0.2464739640664877,0.2628064154962615,0.2750154358001461,0.2790879054316615,0.2746728284899239,0.2681369350104617,0.2615064217695572,0.2562185980582085,0.2556586594233193,0.2620308784931996,0.2755422103914475,0.2928044290979934,0.3030601138242944,0.3116517435321789,0.3628236846801609,0.4567124629972111,0.4571312908723402,0.4317402024854219,0.2103908646769803,0.2281240953927648,0.2458573261085493,0.2635905568243337,0.2780423575468441,0.2819665029138151,0.2790934778110619,0.27153214399596,0.2608452706266784,0.2572618026559373,0.2521144464666734,0.2535479238296425,0.2531539318957272,0.2540323324853623,0.2542463652310939,0.2525400988337365,0.2460465204010571,0.2862455144208684,0.2680538971300996,0.2541543873837816,0.0979944389117925,0.1020799694424325,0.1061654999730724,0.1102510305037123,0.1139478560209872,0.1184468342975151,0.1221634040240422,0.1252436307260493,0.1264861122779933,0.1277372881828604,0.1266101612866489,0.1266187358378901,0.1269386565208717,0.1293097791569779,0.1316416545671652,0.1334005534619358,0.1387655526870697,0.1507083005204646,0.1324724636086902,0.1190447333749811,0.0939769224381949,0.0968033070612057,0.0996296916842166,0.1024560763072274,0.1028904756180914,0.10304664730084,0.1027923083816041,0.1036086047828192,0.1079871170504874,0.1134645988228039,0.1200758411331786,0.1288049582226451,0.1383659383862726,0.1453786865530311,0.1437444579271205,0.1345585111280484,0.1388979076375421,0.1643159641892576,0.1554104848823845,0.1537936352397004
0.23170977998889394-0.2603142003316607,0.2460119901602773,0.1521740114899016,0.1627613375941134,0.1733486636983254,0.1839359898025373,0.1939839792677933,0.2014371218190286,0.2066831373242653,0.2105562094344341,0.2133161113195126,0.2145008878626386,0.2107081403829942,0.2035719249401824,0.2007630565533154,0.2001957305135079,0.199414813317081,0.2094968164554575,0.2681262440483794,0.373160040801803,0.3752574064984129,0.3687668924954585,0.1555205274571623,0.166810062061268,0.1780995966653738,0.1893891312694797,0.1971078398417374,0.2025629240055586,0.2051643187103226,0.2070043115701114,0.2087629997879558,0.2107523235724841,0.2120282446864187,0.2136098291350421,0.2136501394388651,0.2184531722789956,0.2237549741615015,0.2404007138050084,0.284894293341362,0.4157539933142612,0.4463633684655391,0.4526303963408064,0.0744230595272462,0.0821912282251565,0.0899593969230668,0.0977275656209772,0.1041721497865575,0.1096934083422454,0.1137259289419778,0.1135766264622368,0.1123536135278334,0.1086386204828956,0.1049218460325193,0.1024467573960972,0.1016995150682411,0.1015627128011902,0.1044838920228565,0.1090129334419975,0.128527344748671,0.1569489064054806,0.1615998258725793,0.1629721315698144,0.0820982629866971,0.0857260681885572,0.0893538733904174,0.0929816785922775,0.0941806755419492,0.0960265032427831,0.0962902991370053,0.0965704551226393,0.0969278725415636,0.0964342335956053,0.0973279970340438,0.0977836561168444,0.1010244078002667,0.1064355612649461,0.1119385468606521,0.1149859750227194,0.1375107455732678,0.1569189122816841,0.1563954538184543,0.1525110606319723
0.2603142003316607-0.29244981760182914,0.2763820089667449,0.1297364423786516,0.1363444282342185,0.1429524140897854,0.1495603999453523,0.1549180288088089,0.1601390802196593,0.1652777092542144,0.1712074602333541,0.173190340623666,0.1753080582272354,0.1748076208141327,0.1750651933413235,0.1743392323835991,0.1730349666651212,0.1729511182264061,0.1760441894695998,0.1875921823630882,0.2517795933419222,0.2622043507596653,0.2708701688956014,0.1410381470457536,0.1490972753730605,0.1571564037003673,0.1652155320276742,0.1710334054397887,0.1773447074405701,0.1822917759373421,0.1848708385763446,0.1830192036399685,0.1768745151119791,0.1704416277024625,0.1647596407632019,0.1592852504277423,0.1587900499465327,0.1591813447370673,0.1633604231025599,0.2047594995656743,0.2753534776827729,0.2800871028190871,0.2908285871251247,0.0754779656632835,0.0820743051435211,0.0886706446237587,0.0952669841039962,0.0991837915584302,0.09948214780495,0.0972858340262279,0.0940214980999015,0.091727436194896,0.0896285145978362,0.0876618496592985,0.0879406793697775,0.0931396189732369,0.0994844200548779,0.1062641033769146,0.1128733159047663,0.135129361710744,0.1577241306677997,0.1504837880776547,0.1410760807050356,0.0456098114097516,0.0525447857215049,0.0594797600332582,0.0664147343450114,0.0729423070664603,0.0790024110668248,0.083461265056179,0.0853021962202716,0.0851792605289576,0.08175856352344,0.0779432496769801,0.071979689576125,0.0675812394079963,0.0637904995616343,0.0612046751012378,0.060531565870807,0.0655314533835431,0.0909108112871523,0.0934777595499967,0.0937130329515285
0.29244981760182914-0.3285525557436941,0.3105011866727616,0.121853705027418,0.1256359811657229,0.1294182573040278,0.1332005334423328,0.1361575465691724,0.1396719194459791,0.1421429032971618,0.1441364450094521,0.1439509825992118,0.1429487574576808,0.1434863998826246,0.1447579463989256,0.1472966541847223,0.1526098599255882,0.1573695121559079,0.1630862692239614,0.1778263241583452,0.203608528102806,0.1912330372810098,0.1768005669095959,0.1073945633143002,0.1143196173824257,0.1212446714505512,0.1281697255186767,0.1350172651963598,0.1415591333832178,0.1456926660051871,0.149405000689959,0.1481606506597449,0.1443195704392479,0.1389179601186868,0.1367402859543948,0.1376775188920296,0.1441305959494775,0.1517654248412107,0.1743917950919915,0.213570499368117,0.2450011024168298,0.2444929924252069,0.2449445162700652,0.0538766399060029,0.0567998617831356,0.0597230836602682,0.0626463055374009,0.0656710359321087,0.0670375872141155,0.0687433567435904,0.0698021646449408,0.0706038060326035,0.0718376968268896,0.0739756273830566,0.0748583104983051,0.0756928838447483,0.0745524595551302,0.0719148830313343,0.0629829989183605,0.0593923885571804,0.0696750622234826,0.0737361232243198,0.0768294425834816,0.063999578077568,0.0665047629551329,0.0690099478326978,0.0715151327102626,0.0727965600776416,0.0727658739616648,0.0706673057598577,0.0685777595613365,0.0675590653591494,0.065744228509459,0.0645537886290982,0.0636945545262795,0.0623130897500615,0.0648234725629801,0.0675409330327551,0.0717329999488451,0.0917828500943128,0.1134926377515966,0.1051213300104653,0.1075512687254098
0.3285525557436941-0.36911215322651686,0.3488323544851054,0.0941326691221506,0.0981528495229019,0.1021730299236533,0.1061932103244047,0.110087170332048,0.1135742578126113,0.1159920237489314,0.1174796823452913,0.116606730860292,0.1160281142730067,0.11614372664504,0.1127289626711185,0.1136990952589567,0.1140970229799366,0.1136893392078561,0.1170024454117659,0.158865881121391,0.2500707033936768,0.2769189118878221,0.28236652106027,0.0845365882076334,0.0917445240335339,0.0989524598594344,0.1061603956853349,0.1113105940145379,0.1133154961842552,0.1141476930282574,0.1142850396974253,0.1130821523143375,0.1144068620151194,0.1151978272353287,0.1184753731903332,0.1229723185244643,0.1221080924117492,0.1209710091061114,0.1190406089921917,0.1204492866964178,0.1454891834127657,0.1359021112647716,0.1318955333789066,0.0628756338194976,0.0646287529416718,0.066381872063846,0.0681349911860201,0.0692725283164322,0.0694022695387743,0.0682826483292975,0.0661502850764222,0.063231591513714,0.0603741808019388,0.058611586720872,0.0569523511388829,0.0575590488836822,0.0609178215368974,0.0643828440011134,0.0704489456564786,0.0822092468108741,0.1004880114543448,0.1004275544502925,0.1002233063500949,0.0416392030026854,0.0434121787060763,0.0451851544094672,0.0469581301128581,0.0486109487816253,0.0496882262629958,0.0512080175803426,0.0525899890445712,0.0534138284425173,0.0530132135958714,0.0523093582032166,0.0504548782744627,0.048743037545168,0.0456832892470315,0.0419284781298233,0.0412853659182595,0.0538613252581823,0.0805199290331057,0.0893935559874501,0.0937955460679975
0.36911215322651686-0.41467880641233007,0.3918954798194234,0.072092996464569,0.0786286219865084,0.0851642475084478,0.0916998730303873,0.0957213277075521,0.0996345758218601,0.1010828589552763,0.1017796718636528,0.09964564471145,0.0956456054750718,0.0911668074532497,0.0875544363414916,0.0851244188448518,0.0848849846747769,0.0826313232697752,0.0856993324703252,0.1019734572518114,0.1579091589423278,0.1749752723989069,0.1829439995015209,0.0668483674468312,0.0701349470075103,0.0734215265681893,0.0767081061288683,0.0788515583325941,0.0833364969878387,0.0871985860418391,0.0900262110941227,0.0918238586325847,0.0930887787983682,0.0916787653550026,0.0912095917390354,0.0882135082067093,0.0880611995464314,0.0888073264888689,0.0925499713787468,0.1127674247097403,0.1649648825093289,0.1691772712679551,0.170954647214128,0.0479504301703128,0.0471979582101047,0.0464454862498965,0.0456930142896883,0.044887970451324,0.0438447514118191,0.0432198966866029,0.0434862142966213,0.0449927870838204,0.046720670025697,0.0495726687136432,0.0529650886010926,0.0549929170023528,0.0539760589486499,0.0538656780955183,0.0554098168781065,0.0731622755357133,0.1034246631381328,0.1063229958161778,0.1070682957271065,0.0329726858222999,0.0348632669537752,0.0367538480852505,0.0386444292167259,0.0391994065896101,0.0403915380541856,0.0418061612452233,0.0422888784909962,0.042700988774416,0.0424366505882395,0.0422485202237874,0.0419461685128132,0.0391253399021662,0.0372183114984842,0.0377088007526491,0.040266471843552,0.0466995970514074,0.0653143379948942,0.0648183740132058,0.0679705177491483
0.41467880641233007-0.46587063304314213,0.4402747197277361,0.0614242638410082,0.0651301647035845,0.0688360655661608,0.0725419664287371,0.0749409455085183,0.0759046630793658,0.0765211116221603,0.0763290450617987,0.0759347146848697,0.0748650668156403,0.074805175237812,0.0747308469491345,0.076993803890186,0.0789951465928006,0.0819743767077875,0.0838164378154407,0.0999990704800105,0.1547481199814214,0.1609567739819168,0.1598793385854909,0.0641532191334442,0.0674711136117507,0.0707890080900572,0.0741069025683638,0.0760964984140804,0.0775536929149285,0.078713627941968,0.0787253788715849,0.077420109158135,0.0754863914270255,0.0720715171702936,0.0688628486720096,0.0657533759282155,0.0625303170300326,0.060686619172805,0.0627934261824952,0.0784843507281563,0.0839516733246432,0.0821659454030011,0.0863452553997719,0.0241790697794506,0.02592380190207,0.0276685340246893,0.0294132661473087,0.031305138195464,0.0326582537441128,0.0333013190734952,0.0342796395996705,0.0359282247307583,0.037577723863366,0.0397168702200106,0.0410774259355897,0.0429538998064507,0.0451664076411848,0.0454547463199866,0.0434482965885313,0.045656174021656,0.0440887304785404,0.0464678345603956,0.0492883352965647,0.0198184165431257,0.0222840483541588,0.0247496801651917,0.0272153119762246,0.0299391331101899,0.031058432046673,0.0315967623652249,0.0322296007039081,0.032879402849914,0.033588055811344,0.0338820033040988,0.0334782877585129,0.0337280704806962,0.0331434518793527,0.0319917085730124,0.0304689210819084,0.0336048696289242,0.0390141824187191,0.032119015879854,0.0296874960246575
0.46587063304314213-0.5233820570907401,0.4946263450669411,0.0560730994141028,0.0582610317954597,0.0604489641768164,0.0626368965581733,0.0646057888704478,0.0656917753197329,0.0649600739180944,0.0632603395458775,0.0617803915012979,0.0599540377401661,0.0590524597003838,0.0585022050997657,0.0570953009053225,0.0574518868528892,0.0560890628936855,0.0563928524667654,0.0634714096157751,0.0861269986431181,0.0916071788546031,0.0937620731228581,0.0401526741140485,0.0446906346610988,0.0492285952081491,0.0537665557551994,0.0585313804866863,0.0629992491655129,0.0656390725194545,0.0659583036479959,0.0632575015031349,0.0605899952668773,0.0564826002443913,0.052106878167693,0.0491368982165499,0.0475411952992023,0.0470824666678034,0.0494278257591613,0.0529767381445196,0.0521111890984854,0.0520058443851573,0.0527550337644775,0.0206538819238383,0.0228592103990177,0.0250645388741972,0.0272698673493767,0.0290506497769459,0.0297746062635079,0.0296825262400453,0.0299144550239259,0.030096023102718,0.0305366878543354,0.0310742909775145,0.0312282414959571,0.0310397448554047,0.0302757565018617,0.0294678841740423,0.0286816950284446,0.0358174454346706,0.0582099595601465,0.0648956755994787,0.0687409755963883,0.027800031274599,0.0289879724248719,0.0301759135751448,0.0313638547254177,0.0318055716600772,0.0317212351308751,0.0310223266132842,0.0300114006131858,0.0288985326779768,0.0271709504018335,0.026218559056194,0.0271239550764483,0.0278135900187732,0.0293120255497305,0.0328365301394597,0.0390064077018026,0.0623437051238054,0.1080421870245008,0.1267650960726157,0.1366362944201479
0.5233820570907401-0.5879932287106996,0.5556876429007198,0.039531873187505,0.0412659146597924,0.0429999561320799,0.0447339976043673,0.0464480401331264,0.0474175604302493,0.0479750268187906,0.0480983875768249,0.0474291344215394,0.047209490135637,0.0467465041337306,0.0456192241582536,0.0460039237513397,0.0471261112873924,0.0486457204597687,0.0503247186669496,0.0532529382858246,0.0696276731788897,0.074048755671908,0.0775071537773969,0.0445291767314998,0.0453004991157659,0.0460718215000321,0.0468431438842984,0.046802978073233,0.046156851118893,0.0459027043450618,0.0458835749981527,0.0453464316292414,0.0461202468893469,0.0461329436103617,0.0471112259059805,0.0488625752586207,0.0505461245512346,0.0533814458128903,0.0585265564317154,0.0646680049604045,0.0848504910008056,0.0855298359125784,0.083910279490717,0.0230951775062915,0.0244183221841309,0.0257414668619704,0.0270646115398098,0.0272142515345983,0.0270189790592872,0.0267313658616131,0.0260896329423484,0.0249265762495438,0.0244771719184672,0.0243585550882788,0.0246340346249655,0.0249870516287175,0.0254442221794453,0.0264807381039274,0.0265175629559164,0.0240980503028286,0.0165835767996806,0.0129976733636928,0.0114144659089986,0.0196679858492574,0.0194253457149503,0.0191827055806431,0.0189400654463359,0.0187615768761636,0.019398766113036,0.0202059752128704,0.0209269505228102,0.0210497937770307,0.0209658962873096,0.0210465496903246,0.0208485418818888,0.0218233542441398,0.0246299790725511,0.028328500910792,0.034522578081507,0.0440889776567166,0.0623352960971471,0.060329842965278,0.0580590634499746
0.5879932287106996-0.6605806070835402,0.6242869178971199,0.0275219734727854,0.0296587807620246,0.0317955880512636,0.0339323953405027,0.0358490888216432,0.0369927024898186,0.0378951838744114,0.0381997496044866,0.0379030783944914,0.037360373777518,0.0364650994237354,0.0366592735698262,0.0370842843936722,0.0369106399694378,0.0375095339158299,0.0381012560068826,0.0437394899775838,0.0627624051706556,0.0638539493407411,0.0635656083499027,0.0309608508818137,0.0306777984582933,0.0303947460347728,0.0301116936112524,0.0302465898203676,0.0304913700840886,0.0312753624102391,0.0324347228772602,0.0339350338475784,0.0355824723442336,0.0365570399728079,0.0371249427422303,0.0373818505997036,0.0368863379262356,0.0353253682590474,0.0339463131889935,0.0417376492700676,0.0627258303345806,0.0641717531825782,0.0667504668988962,0.0133321683395812,0.0135135721259728,0.0136949759123645,0.0138763796987561,0.0138603178880224,0.0143986415432505,0.0152992270422019,0.0166037476228948,0.0177161140898871,0.0189420283355459,0.0194382222158309,0.0196866659301263,0.0195393253391543,0.0192731599352454,0.0182294058504322,0.0177204688786478,0.0173209766699983,0.0159786378212012,0.014052544716198,0.0139226700267087,0.0147084792470423,0.0148716252425701,0.0150347712380981,0.015197917233626,0.0153735082718612,0.0157768123470782,0.0161413042453444,0.0162678903049438,0.0162972882002727,0.016327043785809,0.0164608452280772,0.0160755815519703,0.0160743074220854,0.0161985130139936,0.0158739623844956,0.0155492586228592,0.0147317906278361,0.0231449714301894,0.0256842295885077,0.0263313152301081
0.6605806070835402-0.7421288497006765,0.7013547283921083,0.0250723910175405,0.0253427763674862,0.0256131617174319,0.0258835470673776,0.0261786097959026,0.0265325573895465,0.027370645501169,0.0282263504610096,0.0290342589768061,0.0291160241484887,0.028571036221229,0.0281470953067951,0.0273157457825365,0.0256389841072267,0.0249170601276351,0.0255363046899991,0.0300021381451373,0.0469123737117281,0.0502533790395772,0.0517230932271912,0.0177553445785396,0.0198714430508116,0.0219875415230836,0.0241036399953556,0.0262795725532778,0.0276561879943701,0.0286343830603015,0.029200674371518,0.0290880209707793,0.0284431424941051,0.0275579988159445,0.0264725958175091,0.0258033595478307,0.0251362198293335,0.02528741294435,0.0270883163787686,0.0329566449706582,0.0403754363626806,0.0417315129763458,0.0413273388952909,0.0121620192100883,0.0126741458277969,0.0131862724455054,0.013698399063214,0.0139772293739203,0.0144653347259366,0.0147946375184424,0.014845225738386,0.0147293634781412,0.0147515189667647,0.0150904512588738,0.0156028122729956,0.0163845385340208,0.0171133765781493,0.016046851270535,0.0147272144274788,0.0154216815414824,0.02053162785395,0.0217563205837289,0.0225115643821529,0.0072105198462956,0.0079040113593117,0.0085975028723277,0.0092909943853438,0.0098239830544324,0.0103530227740881,0.0110483945841156,0.0117154821523713,0.0120609346083812,0.0124887285107229,0.0129656682344694,0.0129917132822597,0.0127581584291562,0.0127204885798537,0.0125156285697131,0.0119790463676015,0.0145769364925826,0.0275652151133118,0.032017450584518,0.0335207183121324
0.7421288497006765-0.8337441693749241,0.7879365095378004,0.017892471644847,0.0189645909599639,0.020036710275081,0.0211088295901979,0.0217386892551774,0.0219378114252694,0.0220788790368769,0.0222580682504683,0.0225923017818631,0.022471934304909,0.0223475162823704,0.0224715199199712,0.0227330767128981,0.0231869820104806,0.0234587174651637,0.0224814524399882,0.0253506189692348,0.0278095614017477,0.024988309582437,0.0228161311731852,0.017730031167823,0.0178960941473419,0.0180621571268607,0.0182282201063797,0.0192685838623682,0.0196240037383038,0.01994531018593,0.0205835636634455,0.0213062503219104,0.0216677813493657,0.0217416366890342,0.0218311866417503,0.0213536665297405,0.0201201875761934,0.0184232168261046,0.0170201106814592,0.0166306154368615,0.0160878891551275,0.0121643027219239,0.0116271814286831,0.0072497241838944,0.0075782068067245,0.0079066894295545,0.0082351720523846,0.0084591524465006,0.0088486700488887,0.0093995032447131,0.0100048744961267,0.0107776646410346,0.0114011564806008,0.0116930181039142,0.0120310442055289,0.0117672235532805,0.0116361424307856,0.0110014602461851,0.0108573437930201,0.0132970508872853,0.01940359612262,0.0202920275630337,0.0202782732705253,0.0096149617729673,0.0100871133802197,0.010559264987472,0.0110314165947243,0.0117485077469534,0.0115122115117091,0.0107533812959268,0.0102370673016459,0.0099213144137532,0.0096042184510144,0.0099874448706972,0.010625130308049,0.0114536199842552,0.0121661155748693,0.0125808301193833,0.0124373872058511,0.0149267701215918,0.0263789068518235,0.0301840854404101,0.0314441212210696
0.8337441693749241-0.9366693401651878,0.885206754770056,0.010342882555582,0.0114836003509047,0.0126243181462275,0.0137650359415502,0.014905418922279,0.0158212544085954,0.0166571109736318,0.0171292582560088,0.0175598672056497,0.0174845297695589,0.0171724593857283,0.0167667155520795,0.0161297689872444,0.0153453959226229,0.0146719548941484,0.0138460074787856,0.0146639573542699,0.0151343850365429,0.0135006421427351,0.0118750845799277,0.0137214066373911,0.0139628177163593,0.0142042287953274,0.0144456398742955,0.0146096290230854,0.0148622195335825,0.0153373045416298,0.0158866133607169,0.0163616219708414,0.0167165153011953,0.0167256354193022,0.0161985667251455,0.0148445214616502,0.0130111129542277,0.011668576775091,0.0104711604009848,0.0116558192465831,0.0132683664302673,0.0135668401952534,0.0125493711013431,0.0062259293543119,0.0069702871761684,0.0077146449980249,0.0084590028198813,0.008820828454001,0.0092682869035563,0.0095567456145723,0.0097326455198426,0.0094953277688123,0.0090928693435518,0.0086981512437132,0.0082628630362555,0.0078232626546082,0.0075547349131723,0.0069515080632785,0.0069924906364495,0.0083605381422016,0.0100476492052507,0.0105450217027012,0.0104656579686085,0.0048586579851926,0.0050046043209627,0.0051505506567328,0.005296496992503,0.0055765656354713,0.0057516806878448,0.0060395056757003,0.0065504947489436,0.0070897489068754,0.007390355168462,0.007547030695012,0.0079229996561452,0.0083913439755835,0.0086046942936551,0.0089361645689961,0.0091341927880774,0.0101977400064873,0.0070233451787372,0.0057861058648849,0.005204311203864
0.9366693401651878-1.052300555772709,0.9944849479689484,0.0117325111921049,0.0113658203492694,0.010999129506434,0.0106324386635986,0.0104880439496128,0.0105636485186788,0.0111433384974973,0.0117630469031573,0.0124264490412321,0.01321671067864,0.0134895844647733,0.0140246261626573,0.0143993339747963,0.0140521077086101,0.0132145896760226,0.0114013952356476,0.010648645575478,0.011314810556365,0.0133392302195765,0.0150982980860926,0.0123613030541681,0.0123611555727524,0.0123610080913367,0.0123608606099209,0.0122094665839792,0.0125628478922228,0.0130049900372098,0.0131719668909155,0.0131989645784171,0.013026419900531,0.0125984822204466,0.0125151709372212,0.0120604414467422,0.0115811414326831,0.0114846939041985,0.0105425713145476,0.01135330206307,0.017457421775653,0.018933660273019,0.0189497727653696,0.0063292913207822,0.0060990140401516,0.005868736759521,0.0056384594788904,0.0056440739679087,0.0058655820631602,0.0062304474058785,0.0066526698094435,0.0068987297640137,0.0067926938320636,0.0068009809194832,0.0065283064039793,0.0062025546644272,0.0057163426970155,0.0051188703576303,0.0051451951209223,0.0046900696330642,0.0114643283795728,0.0147797625386948,0.0164321780055095,0.0031567213733984,0.0031283491620573,0.0030999769507162,0.0030716047393752,0.0031662701137376,0.0035242688720157,0.0039633507369216,0.0043356839064986,0.0049344122529322,0.0054922732999309,0.0058726827072623,0.0059794230228841,0.0058959120071088,0.0056680224757503,0.0051042959424448,0.0043109086454064,0.004654932503161,0.0042409343686737,0.0044291636802058,0.0039747026608844
